"job.id","time","classification"
1,0,"TN"
1,0.111111111111111,"TN"
1,0.222222222222222,"TN"
1,0.333333333333333,"FN"
1,0.444444444444444,"FN"
1,0.555555555555556,"FN"
1,0.666666666666667,"FN"
1,0.777777777777778,"TN"
1,0.888888888888889,"TN"
1,1,"TN"
2,0,"TN"
2,0.111111111111111,"TN"
2,0.222222222222222,"TN"
2,0.333333333333333,"FN"
2,0.444444444444444,"FN"
2,0.555555555555556,"FN"
2,0.666666666666667,"FN"
2,0.777777777777778,"TN"
2,0.888888888888889,"TN"
2,1,"TN"
3,0,"TN"
3,0.111111111111111,"TN"
3,0.222222222222222,"TN"
3,0.333333333333333,"FN"
3,0.444444444444444,"TP"
3,0.555555555555556,"FN"
3,0.666666666666667,"FN"
3,0.777777777777778,"TN"
3,0.888888888888889,"TN"
3,1,"TN"
4,0,"TN"
4,0.111111111111111,"TN"
4,0.222222222222222,"TN"
4,0.333333333333333,"FN"
4,0.444444444444444,"TP"
4,0.555555555555556,"FN"
4,0.666666666666667,"FN"
4,0.777777777777778,"TN"
4,0.888888888888889,"TN"
4,1,"TN"
5,0,"TN"
5,0.111111111111111,"TN"
5,0.222222222222222,"TN"
5,0.333333333333333,"FN"
5,0.444444444444444,"TP"
5,0.555555555555556,"TP"
5,0.666666666666667,"FN"
5,0.777777777777778,"TN"
5,0.888888888888889,"TN"
5,1,"TN"
6,0,"TN"
6,0.111111111111111,"TN"
6,0.222222222222222,"TN"
6,0.333333333333333,"FN"
6,0.444444444444444,"FN"
6,0.555555555555556,"TP"
6,0.666666666666667,"FN"
6,0.777777777777778,"TN"
6,0.888888888888889,"TN"
6,1,"TN"
7,0,"TN"
7,0.111111111111111,"TN"
7,0.222222222222222,"TN"
7,0.333333333333333,"FN"
7,0.444444444444444,"FN"
7,0.555555555555556,"FN"
7,0.666666666666667,"FN"
7,0.777777777777778,"TN"
7,0.888888888888889,"TN"
7,1,"TN"
8,0,"TN"
8,0.111111111111111,"TN"
8,0.222222222222222,"TN"
8,0.333333333333333,"FN"
8,0.444444444444444,"FN"
8,0.555555555555556,"FN"
8,0.666666666666667,"FN"
8,0.777777777777778,"TN"
8,0.888888888888889,"TN"
8,1,"TN"
9,0,"TN"
9,0.111111111111111,"TN"
9,0.222222222222222,"TN"
9,0.333333333333333,"TP"
9,0.444444444444444,"TP"
9,0.555555555555556,"TP"
9,0.666666666666667,"TP"
9,0.777777777777778,"FP"
9,0.888888888888889,"TN"
9,1,"TN"
10,0,"TN"
10,0.111111111111111,"TN"
10,0.222222222222222,"TN"
10,0.333333333333333,"FN"
10,0.444444444444444,"TP"
10,0.555555555555556,"TP"
10,0.666666666666667,"FN"
10,0.777777777777778,"TN"
10,0.888888888888889,"TN"
10,1,"TN"
11,0,"TN"
11,0.111111111111111,"TN"
11,0.222222222222222,"TN"
11,0.333333333333333,"TP"
11,0.444444444444444,"TP"
11,0.555555555555556,"TP"
11,0.666666666666667,"TP"
11,0.777777777777778,"TN"
11,0.888888888888889,"TN"
11,1,"TN"
12,0,"TN"
12,0.111111111111111,"TN"
12,0.222222222222222,"TN"
12,0.333333333333333,"FN"
12,0.444444444444444,"FN"
12,0.555555555555556,"FN"
12,0.666666666666667,"FN"
12,0.777777777777778,"TN"
12,0.888888888888889,"TN"
12,1,"TN"
13,0,"TN"
13,0.111111111111111,"TN"
13,0.222222222222222,"TN"
13,0.333333333333333,"FN"
13,0.444444444444444,"FN"
13,0.555555555555556,"FN"
13,0.666666666666667,"FN"
13,0.777777777777778,"TN"
13,0.888888888888889,"TN"
13,1,"TN"
14,0,"TN"
14,0.111111111111111,"TN"
14,0.222222222222222,"TN"
14,0.333333333333333,"FN"
14,0.444444444444444,"FN"
14,0.555555555555556,"FN"
14,0.666666666666667,"FN"
14,0.777777777777778,"TN"
14,0.888888888888889,"TN"
14,1,"TN"
15,0,"TN"
15,0.111111111111111,"TN"
15,0.222222222222222,"TN"
15,0.333333333333333,"FN"
15,0.444444444444444,"TP"
15,0.555555555555556,"TP"
15,0.666666666666667,"TP"
15,0.777777777777778,"TN"
15,0.888888888888889,"TN"
15,1,"TN"
16,0,"TN"
16,0.111111111111111,"TN"
16,0.222222222222222,"TN"
16,0.333333333333333,"TP"
16,0.444444444444444,"TP"
16,0.555555555555556,"TP"
16,0.666666666666667,"FN"
16,0.777777777777778,"TN"
16,0.888888888888889,"TN"
16,1,"TN"
17,0,"TN"
17,0.111111111111111,"TN"
17,0.222222222222222,"TN"
17,0.333333333333333,"FN"
17,0.444444444444444,"TP"
17,0.555555555555556,"TP"
17,0.666666666666667,"FN"
17,0.777777777777778,"TN"
17,0.888888888888889,"TN"
17,1,"TN"
18,0,"TN"
18,0.111111111111111,"TN"
18,0.222222222222222,"TN"
18,0.333333333333333,"FN"
18,0.444444444444444,"TP"
18,0.555555555555556,"TP"
18,0.666666666666667,"FN"
18,0.777777777777778,"TN"
18,0.888888888888889,"TN"
18,1,"TN"
19,0,"TN"
19,0.111111111111111,"TN"
19,0.222222222222222,"TN"
19,0.333333333333333,"FN"
19,0.444444444444444,"FN"
19,0.555555555555556,"FN"
19,0.666666666666667,"FN"
19,0.777777777777778,"TN"
19,0.888888888888889,"TN"
19,1,"TN"
20,0,"TN"
20,0.111111111111111,"TN"
20,0.222222222222222,"TN"
20,0.333333333333333,"FN"
20,0.444444444444444,"FN"
20,0.555555555555556,"FN"
20,0.666666666666667,"FN"
20,0.777777777777778,"TN"
20,0.888888888888889,"TN"
20,1,"TN"
21,0,"TN"
21,0.111111111111111,"TN"
21,0.222222222222222,"TN"
21,0.333333333333333,"FN"
21,0.444444444444444,"FN"
21,0.555555555555556,"FN"
21,0.666666666666667,"FN"
21,0.777777777777778,"TN"
21,0.888888888888889,"TN"
21,1,"TN"
22,0,"TN"
22,0.111111111111111,"TN"
22,0.222222222222222,"TN"
22,0.333333333333333,"FN"
22,0.444444444444444,"FN"
22,0.555555555555556,"FN"
22,0.666666666666667,"FN"
22,0.777777777777778,"TN"
22,0.888888888888889,"TN"
22,1,"TN"
23,0,"TN"
23,0.111111111111111,"TN"
23,0.222222222222222,"TN"
23,0.333333333333333,"FN"
23,0.444444444444444,"FN"
23,0.555555555555556,"FN"
23,0.666666666666667,"FN"
23,0.777777777777778,"TN"
23,0.888888888888889,"TN"
23,1,"TN"
